Temperature,Humidity,Moisture,Nitrogen,Phosphorus,Potassium,Soil Type,Crop Type,Fertilizer Name
24.4,75.5,23.6,112,56,74,Loamy,Cotton,Compost
38.8,31.5,12.9,87,13,106,Black,Wheat,Compost
33.3,31.3,26.4,141,60,89,Black,Sugarcane,Urea
30.0,49.4,22.4,102,76,96,Clayey,Wheat,DAP
18.9,59.3,37.1,143,54,106,Red,Sugarcane,Urea
18.9,76.2,34.2,116,17,92,Black,Wheat,Compost
16.5,71.0,24.6,77,25,100,Red,Millets,MOP
36.7,56.8,18.7,52,86,85,Red,Maize,MOP
30.0,46.4,49.5,147,76,38,Clayey,Sugarcane,Urea
32.7,89.8,28.2,129,18,102,Sandy,Barley,Compost
15.5,55.6,37.5,71,69,26,Loamy,Barley,DAP
39.2,57.1,15.6,145,87,82,Clayey,Millets,MOP
35.8,39.8,29.4,87,86,61,Red,Cotton,Compost
20.3,77.7,11.1,121,80,61,Black,Sugarcane,Urea
19.5,71.6,30.2,121,24,78,Sandy,Cotton,NPK
19.6,43.2,48.6,111,80,39,Black,Barley,DAP
22.6,34.9,25.4,106,50,92,Clayey,Wheat,Compost
28.1,70.8,11.6,55,31,36,Black,Wheat,Compost
25.8,69.3,11.2,127,33,46,Sandy,Wheat,Compost
22.3,46.4,25.5,81,53,66,Red,Millets,Compost
30.3,87.1,16.4,148,10,21,Red,Maize,Compost
18.5,39.1,10.9,59,19,82,Sandy,Cotton,Compost
22.3,55.9,40.2,52,89,81,Clayey,Sugarcane,Compost
24.2,86.6,28.3,108,81,119,Sandy,Sugarcane,Urea
26.4,55.2,21.6,125,65,38,Red,Maize,Compost
34.6,68.3,46.0,98,59,36,Sandy,Millets,Compost
20.0,53.9,14.6,108,21,88,Black,Barley,Compost
27.9,46.5,48.2,80,69,58,Clayey,Wheat,DAP
29.8,89.0,22.6,142,35,101,Black,Millets,MOP
16.2,54.6,45.5,118,87,90,Black,Sugarcane,Urea
30.2,83.6,34.1,111,50,100,Black,Cotton,Compost
19.3,43.8,43.1,101,45,58,Loamy,Rice,Urea
16.6,42.8,49.4,138,32,55,Red,Cotton,NPK
38.7,31.9,21.5,90,52,59,Clayey,Maize,Compost
39.1,69.1,48.4,80,15,64,Sandy,Barley,Compost
35.2,52.1,25.6,134,78,23,Clayey,Barley,DAP
22.6,81.9,25.4,133,52,44,Clayey,Rice,Urea
17.4,58.4,23.6,71,34,88,Black,Barley,Compost
32.1,88.1,31.7,53,27,49,Black,Cotton,Compost
26.0,41.1,16.2,62,71,95,Clayey,Millets,MOP
18.1,82.1,32.1,94,22,87,Black,Maize,MOP
27.4,76.6,31.7,91,52,107,Sandy,Millets,MOP
15.9,76.3,40.5,98,87,48,Clayey,Maize,Compost
37.7,80.7,43.3,69,37,92,Red,Cotton,Compost
21.5,75.7,27.6,126,27,87,Red,Sugarcane,Urea
31.6,67.6,22.1,130,68,70,Black,Millets,Compost
22.8,37.9,20.4,103,69,43,Red,Cotton,Compost
28.0,32.0,17.8,85,72,33,Clayey,Wheat,DAP
28.7,85.3,12.3,146,66,88,Loamy,Sugarcane,Urea
19.6,67.0,23.7,50,60,37,Clayey,Barley,DAP
39.2,77.8,20.8,64,65,61,Clayey,Millets,Compost
34.4,58.9,48.7,126,36,76,Clayey,Wheat,Compost
38.5,37.0,32.3,66,41,102,Loamy,Wheat,Compost
37.4,37.5,23.9,73,18,31,Loamy,Maize,Compost
29.9,71.1,33.2,107,77,101,Red,Rice,Urea
38.0,55.8,15.6,121,55,36,Black,Rice,Urea
17.2,42.0,27.8,140,76,49,Black,Millets,Compost
19.9,59.5,35.0,72,35,107,Clayey,Sugarcane,Compost
16.1,33.9,29.6,95,17,94,Sandy,Rice,Compost
23.1,64.9,26.1,121,15,118,Black,Rice,Urea
24.7,46.1,49.8,57,89,42,Clayey,Cotton,Compost
21.8,77.9,45.2,108,33,100,Clayey,Maize,MOP
35.7,48.6,34.9,139,57,20,Black,Wheat,DAP
23.9,57.3,32.8,108,54,98,Sandy,Barley,DAP
22.0,30.7,34.8,62,22,51,Clayey,Millets,Compost
28.6,34.3,18.1,88,78,28,Clayey,Cotton,Compost
18.5,53.5,25.8,77,34,34,Clayey,Cotton,Compost
35.1,58.8,11.6,138,29,47,Sandy,Millets,Compost
16.9,66.0,29.0,110,75,43,Black,Rice,Urea
39.7,47.5,31.7,65,83,79,Sandy,Sugarcane,Compost
34.3,71.7,19.1,51,54,54,Loamy,Barley,DAP
20.0,81.6,48.6,131,56,105,Sandy,Millets,MOP
15.1,76.8,46.4,66,72,46,Clayey,Rice,Compost
35.4,32.4,38.9,79,85,102,Black,Sugarcane,Compost
32.7,58.8,31.3,62,86,95,Clayey,Wheat,DAP
33.2,36.3,44.8,145,64,39,Red,Rice,Urea
34.3,44.5,15.2,142,84,84,Black,Barley,DAP
16.9,89.2,41.6,143,28,104,Sandy,Maize,MOP
24.0,38.5,15.0,131,44,68,Loamy,Cotton,NPK
17.9,59.9,41.8,62,62,20,Black,Sugarcane,Compost
36.6,67.1,21.0,92,35,29,Red,Barley,Compost
30.6,72.1,45.1,134,23,66,Clayey,Sugarcane,Urea
23.3,63.6,47.8,143,54,78,Red,Sugarcane,Urea
16.6,30.6,16.0,70,53,115,Black,Maize,MOP
22.8,49.6,28.5,104,74,81,Sandy,Maize,MOP
23.1,61.1,49.2,130,60,105,Red,Rice,Urea
33.2,35.3,29.3,89,52,37,Red,Barley,DAP
30.9,51.0,44.5,132,32,65,Black,Millets,Compost
37.2,32.0,33.5,64,65,51,Loamy,Wheat,DAP
26.8,34.7,25.0,122,28,46,Clayey,Rice,Urea
18.0,53.8,21.4,101,85,111,Red,Millets,MOP
32.8,38.0,18.1,123,64,37,Clayey,Barley,DAP
34.0,64.1,40.5,144,69,58,Red,Barley,DAP
29.0,71.4,25.5,102,68,68,Red,Sugarcane,Urea
34.3,78.0,30.5,136,42,112,Red,Cotton,NPK
27.3,42.0,29.7,101,28,101,Black,Rice,Urea
28.1,40.0,33.1,79,37,63,Red,Cotton,Compost
25.7,36.3,44.6,82,61,91,Loamy,Wheat,DAP
15.6,68.2,49.2,106,58,73,Sandy,Maize,Compost
17.7,72.4,26.3,101,46,114,Clayey,Cotton,Compost
15.8,31.9,43.1,58,35,53,Clayey,Rice,Compost
30.9,86.2,40.6,103,49,90,Red,Millets,MOP
22.9,33.1,32.9,50,89,55,Clayey,Cotton,Compost
27.7,62.5,48.2,93,47,37,Red,Maize,Compost
37.7,72.5,18.0,148,86,57,Sandy,Millets,Compost
21.2,82.3,14.4,124,63,78,Black,Sugarcane,Urea
25.3,72.8,44.2,147,31,28,Black,Cotton,NPK
33.9,78.1,27.6,129,25,92,Clayey,Rice,Urea
20.7,50.4,43.9,58,37,91,Red,Maize,MOP
16.9,78.9,45.7,81,44,70,Black,Sugarcane,Compost
22.2,34.8,12.5,64,69,54,Loamy,Barley,DAP
19.0,83.7,45.3,61,54,101,Sandy,Wheat,DAP
38.2,62.9,27.9,146,55,24,Red,Millets,Compost
35.2,79.0,30.4,127,81,33,Red,Rice,Urea
30.8,57.1,35.1,106,64,111,Black,Maize,MOP
36.8,68.6,47.1,57,35,49,Loamy,Maize,Compost
35.1,61.6,10.8,121,34,23,Clayey,Sugarcane,Urea
19.7,73.9,29.1,76,74,58,Black,Maize,Compost
37.3,34.9,37.5,111,15,103,Sandy,Barley,Compost
28.5,33.6,38.9,61,32,83,Black,Wheat,Compost
35.2,44.8,37.7,114,73,44,Red,Rice,Urea
37.4,39.6,15.4,91,52,47,Black,Rice,Compost
23.0,82.3,22.0,111,32,95,Black,Maize,MOP
17.8,43.2,24.3,60,39,85,Loamy,Cotton,Compost
20.7,88.6,42.2,92,86,97,Loamy,Millets,MOP
25.7,50.2,21.2,144,27,41,Black,Cotton,NPK
35.5,40.9,18.4,66,88,50,Black,Maize,Compost
36.5,77.4,48.3,146,30,42,Sandy,Rice,Urea
15.2,69.5,10.4,81,66,67,Red,Maize,Compost
27.8,59.9,49.9,142,32,39,Black,Sugarcane,Urea
25.4,63.3,37.1,134,54,57,Loamy,Cotton,NPK
20.6,73.2,43.1,134,53,74,Sandy,Wheat,DAP
18.0,43.7,21.8,89,56,87,Loamy,Barley,DAP
23.4,89.8,10.6,72,49,98,Black,Maize,MOP
38.6,88.5,39.5,105,60,107,Loamy,Rice,Urea
23.1,69.0,43.4,55,51,108,Sandy,Sugarcane,Compost
28.0,42.0,39.6,135,16,20,Sandy,Maize,Compost
32.6,70.8,15.7,99,59,26,Clayey,Cotton,Compost
24.1,34.3,40.1,86,57,76,Sandy,Cotton,Compost
39.3,31.8,40.8,113,15,114,Clayey,Millets,MOP
39.1,45.5,36.3,103,18,31,Sandy,Millets,Compost
21.3,57.8,40.6,121,66,24,Sandy,Cotton,NPK
27.4,82.1,43.8,98,40,69,Clayey,Cotton,Compost
22.5,73.6,34.5,148,30,61,Clayey,Rice,Urea
22.1,74.6,13.5,60,49,31,Black,Millets,Compost
15.9,55.5,29.5,137,54,37,Red,Rice,Urea
30.2,50.8,13.1,98,86,85,Sandy,Rice,Compost
27.6,52.3,26.3,70,58,93,Clayey,Barley,DAP
16.3,89.3,26.3,115,29,98,Loamy,Cotton,Compost
22.0,32.4,12.6,112,26,113,Black,Maize,MOP
37.7,82.0,24.0,132,37,36,Sandy,Sugarcane,Urea
21.0,64.7,14.4,77,50,87,Black,Cotton,Compost
18.6,56.3,42.3,66,75,90,Black,Cotton,Compost
27.2,73.5,47.9,55,34,81,Black,Maize,MOP
39.6,59.2,12.9,68,67,60,Clayey,Sugarcane,Compost
21.1,82.4,48.2,105,50,114,Black,Rice,Urea
31.8,84.0,30.9,77,15,53,Loamy,Sugarcane,Compost
34.0,55.3,22.0,115,84,89,Sandy,Cotton,Compost
20.9,46.6,13.1,87,47,64,Black,Cotton,Compost
33.2,65.5,30.0,86,15,77,Red,Sugarcane,Compost
24.2,84.7,41.8,117,54,70,Sandy,Sugarcane,Urea
30.8,42.6,38.3,135,84,53,Black,Wheat,DAP
30.8,67.4,12.0,139,23,63,Red,Barley,Compost
28.4,67.9,12.9,98,75,34,Black,Wheat,DAP
17.3,74.0,26.1,92,49,97,Loamy,Millets,MOP
35.9,37.9,21.8,85,12,89,Sandy,Maize,MOP
23.0,72.9,19.3,107,33,69,Red,Rice,Urea
19.7,84.5,21.2,62,28,51,Red,Maize,Compost
16.0,40.8,42.1,101,27,86,Black,Rice,Urea
29.8,44.3,47.2,107,73,22,Black,Millets,Compost
31.9,88.3,26.2,81,44,105,Black,Millets,MOP
15.4,40.9,46.2,130,71,105,Loamy,Sugarcane,Urea
27.8,81.3,22.9,149,10,93,Loamy,Rice,Urea
20.7,59.5,29.1,109,34,70,Loamy,Maize,Compost
31.1,44.8,19.0,132,54,86,Red,Maize,MOP
19.4,82.2,35.6,107,58,95,Sandy,Maize,MOP
32.3,56.7,49.2,148,25,112,Clayey,Rice,Urea
24.7,60.9,34.1,105,28,67,Red,Rice,Urea
38.4,51.6,24.3,77,32,36,Red,Millets,Compost
18.4,65.6,35.9,50,34,26,Black,Barley,Compost
23.5,39.8,14.9,91,25,32,Sandy,Barley,Compost
17.8,53.5,45.5,131,63,85,Clayey,Barley,DAP
38.1,88.2,30.1,97,82,23,Red,Cotton,Compost
36.9,45.5,28.0,89,10,29,Clayey,Barley,Compost
21.4,69.4,33.4,146,51,107,Red,Wheat,DAP
31.5,49.5,35.0,112,28,36,Red,Maize,Compost
35.4,76.4,12.9,125,43,71,Clayey,Wheat,Compost
28.9,37.9,37.3,121,89,25,Sandy,Maize,Compost
28.2,88.2,19.7,137,64,102,Clayey,Maize,MOP
21.0,57.2,38.6,129,27,88,Red,Barley,Compost
17.3,44.2,42.9,53,43,115,Loamy,Cotton,Compost
37.4,34.4,42.2,87,54,93,Black,Cotton,Compost
37.5,40.2,32.1,76,15,28,Black,Cotton,Compost
30.8,61.2,30.8,58,30,110,Clayey,Millets,MOP
23.5,50.2,15.7,65,79,96,Black,Millets,MOP
23.7,79.7,41.0,105,57,102,Loamy,Sugarcane,Urea
33.1,55.9,20.9,125,48,40,Clayey,Rice,Urea
37.4,44.9,29.9,80,40,43,Black,Sugarcane,Compost
37.2,67.0,21.4,137,19,23,Clayey,Rice,Urea
34.5,72.4,15.4,63,39,43,Red,Barley,Compost
31.1,40.0,35.2,74,27,78,Loamy,Barley,Compost
17.1,40.1,12.2,83,69,118,Clayey,Maize,MOP
19.0,32.2,39.9,116,82,22,Black,Maize,Compost
37.5,74.2,22.7,73,24,87,Red,Maize,MOP
30.2,69.8,10.0,122,13,59,Sandy,Sugarcane,Urea
15.2,58.5,30.4,75,72,67,Red,Millets,Compost
17.5,80.7,11.9,69,49,73,Clayey,Maize,Compost
31.6,78.3,21.0,113,18,54,Black,Maize,Compost
15.1,65.1,38.3,59,18,114,Red,Rice,Compost
19.0,82.1,12.5,132,35,75,Loamy,Rice,Urea
28.7,42.4,43.6,116,13,108,Loamy,Maize,MOP
32.3,36.7,10.2,73,25,59,Clayey,Maize,Compost
31.3,46.2,19.9,54,24,96,Sandy,Barley,Compost
20.6,33.4,39.6,116,61,87,Black,Maize,MOP
32.8,61.9,22.7,107,78,65,Sandy,Barley,DAP
20.9,86.2,14.1,76,14,97,Black,Wheat,Compost
23.1,32.4,24.4,129,29,32,Black,Rice,Urea
33.7,37.3,20.8,64,88,46,Clayey,Sugarcane,Compost
31.2,57.1,43.7,84,27,25,Loamy,Millets,Compost
36.2,86.0,22.5,125,11,36,Loamy,Maize,Compost
31.4,49.0,41.6,102,22,55,Black,Barley,Compost
29.2,60.4,45.7,93,13,118,Black,Wheat,Compost
17.3,32.5,27.4,75,51,100,Sandy,Rice,Compost
24.2,38.9,46.4,96,83,21,Black,Sugarcane,Compost
21.6,89.2,25.1,83,70,96,Loamy,Wheat,DAP
21.1,87.9,48.6,136,17,71,Black,Wheat,Compost
39.3,30.3,13.6,144,76,85,Clayey,Sugarcane,Urea
24.8,87.1,37.5,99,72,71,Black,Wheat,DAP
37.3,68.3,29.8,133,18,111,Clayey,Rice,Urea
30.8,82.1,25.5,61,20,62,Red,Barley,Compost
34.9,57.3,35.3,136,51,109,Clayey,Cotton,NPK
27.6,60.9,38.2,53,22,41,Red,Millets,Compost
29.4,59.3,10.2,136,45,74,Sandy,Rice,Urea
27.3,70.0,16.7,97,22,86,Sandy,Barley,Compost
19.9,38.4,38.5,104,21,118,Red,Cotton,Compost
33.1,31.8,36.7,50,46,79,Red,Cotton,Compost
22.0,48.5,48.6,138,83,77,Loamy,Wheat,DAP
15.6,72.3,40.4,115,82,31,Red,Cotton,Compost
31.1,42.1,48.0,79,61,107,Sandy,Sugarcane,Compost
19.4,70.4,38.1,52,80,88,Clayey,Wheat,DAP
38.5,88.2,21.9,70,11,103,Sandy,Barley,Compost
38.8,35.6,14.2,138,65,58,Red,Barley,DAP
37.9,70.4,41.3,133,69,32,Sandy,Barley,DAP
24.3,56.6,35.8,98,32,60,Sandy,Cotton,Compost
15.4,82.1,11.9,135,49,76,Sandy,Barley,Compost
38.2,40.6,24.4,134,73,72,Sandy,Cotton,NPK
25.7,71.6,48.3,111,32,31,Clayey,Wheat,Compost
39.2,80.3,30.0,146,38,32,Loamy,Wheat,Compost
39.1,86.7,27.3,87,87,93,Black,Sugarcane,Compost
36.3,71.0,28.3,64,60,116,Loamy,Millets,MOP
22.4,59.8,18.4,101,78,76,Sandy,Sugarcane,Urea
24.6,67.1,24.7,128,40,59,Loamy,Rice,Urea
36.3,82.1,24.8,95,59,99,Sandy,Wheat,DAP
22.9,64.2,12.1,74,29,64,Red,Cotton,Compost
19.2,31.8,40.7,70,64,54,Clayey,Millets,Compost
28.9,85.9,26.7,137,11,22,Loamy,Wheat,Compost
38.4,71.4,42.9,54,34,24,Red,Rice,Compost
32.4,70.6,44.0,119,22,109,Red,Wheat,Compost
29.3,42.9,18.5,96,79,30,Sandy,Wheat,DAP
17.4,69.5,36.3,136,76,90,Loamy,Barley,DAP
30.4,53.6,28.9,117,67,75,Sandy,Cotton,Compost
39.8,69.1,45.2,140,84,29,Black,Millets,Compost
18.5,36.4,18.6,67,73,53,Loamy,Maize,Compost
28.0,69.5,37.1,70,78,86,Clayey,Barley,DAP
36.9,90.0,34.3,141,68,91,Clayey,Cotton,NPK
33.5,32.9,21.8,148,69,50,Black,Barley,DAP
32.4,88.6,15.5,135,71,94,Red,Barley,DAP
32.6,54.4,36.1,72,25,90,Sandy,Sugarcane,Compost
24.0,82.2,39.5,113,77,85,Sandy,Sugarcane,Urea
22.3,76.9,22.6,116,24,89,Black,Cotton,Compost
35.2,64.0,35.8,89,64,60,Red,Millets,Compost
35.3,74.3,25.8,59,44,82,Sandy,Rice,Compost
36.7,82.7,38.5,138,64,51,Sandy,Barley,DAP
37.8,54.2,18.0,101,23,39,Red,Wheat,Compost
27.8,49.6,45.6,121,58,76,Loamy,Wheat,DAP
27.5,70.1,21.5,124,16,117,Red,Maize,MOP
35.0,78.5,24.7,110,39,69,Black,Cotton,Compost
31.2,75.7,12.3,113,58,99,Clayey,Barley,DAP
32.5,77.9,14.5,54,25,44,Sandy,Barley,Compost
34.9,56.1,30.6,102,60,31,Sandy,Barley,DAP
37.3,79.1,20.7,104,81,90,Loamy,Wheat,DAP
23.4,37.2,43.4,86,89,58,Black,Barley,DAP
24.4,62.7,10.6,105,51,36,Sandy,Rice,Urea
17.3,30.3,25.2,108,26,64,Red,Wheat,Compost
29.5,49.5,23.5,142,72,30,Loamy,Millets,Compost
15.9,52.0,10.8,118,54,89,Loamy,Maize,MOP
26.6,53.8,15.0,122,86,42,Sandy,Wheat,DAP
28.6,71.7,26.5,108,16,110,Red,Millets,MOP
22.2,53.3,29.7,51,36,89,Black,Sugarcane,Compost
29.8,56.9,26.2,114,19,57,Loamy,Wheat,Compost
15.8,44.3,31.2,109,43,21,Clayey,Sugarcane,Urea
15.9,52.4,33.8,100,45,105,Red,Wheat,Compost
35.6,43.6,10.4,79,34,103,Sandy,Millets,MOP
24.0,34.4,28.6,60,15,108,Black,Sugarcane,Compost
18.2,66.2,48.5,141,33,98,Clayey,Millets,MOP
28.1,70.1,30.8,125,27,112,Sandy,Millets,MOP
34.2,67.2,37.1,88,15,91,Black,Wheat,Compost
20.4,57.8,22.5,139,38,56,Red,Barley,Compost
30.6,52.8,41.0,126,34,68,Red,Wheat,Compost
17.1,81.8,40.9,121,64,71,Loamy,Sugarcane,Urea
16.3,61.1,30.9,112,55,52,Red,Millets,Compost
28.3,58.8,49.0,113,33,41,Red,Wheat,Compost
28.5,31.5,15.0,110,84,24,Red,Maize,Compost
30.9,50.5,10.7,103,35,37,Sandy,Barley,Compost
33.2,52.8,40.8,141,37,57,Black,Maize,Compost
39.4,53.9,42.3,143,12,56,Red,Rice,Urea
27.9,64.8,14.8,122,84,113,Sandy,Cotton,NPK
23.1,62.0,20.6,144,47,114,Red,Cotton,NPK
34.9,66.5,10.7,107,70,83,Clayey,Maize,MOP
21.8,75.9,21.7,134,87,29,Red,Wheat,DAP
26.0,78.8,40.9,105,60,98,Sandy,Millets,MOP
17.0,73.1,30.7,83,57,61,Sandy,Sugarcane,Compost
15.6,87.3,23.9,80,30,67,Loamy,Wheat,Compost
39.1,31.1,24.9,101,63,63,Clayey,Wheat,DAP
35.9,41.7,10.1,138,65,101,Sandy,Rice,Urea
32.4,30.5,22.0,125,68,106,Loamy,Wheat,DAP
25.2,68.8,35.9,50,81,116,Clayey,Barley,DAP
19.3,83.9,49.0,104,60,35,Sandy,Sugarcane,Urea
18.9,44.6,43.9,71,29,73,Clayey,Barley,Compost
21.3,85.6,10.9,89,68,54,Loamy,Rice,Compost
28.7,33.6,45.9,50,80,117,Sandy,Sugarcane,Compost
32.9,86.1,41.3,114,18,47,Sandy,Sugarcane,Urea
31.5,51.1,41.2,112,10,21,Clayey,Sugarcane,Urea
22.0,36.1,28.3,103,38,113,Clayey,Millets,MOP
38.9,59.2,25.9,91,72,32,Black,Wheat,DAP
33.4,45.4,22.1,70,81,60,Loamy,Cotton,Compost
28.9,47.1,12.6,128,65,99,Black,Sugarcane,Urea
30.3,48.4,19.1,130,77,78,Black,Millets,Compost
25.5,78.2,19.9,71,44,88,Red,Rice,Compost
21.2,62.3,29.4,87,12,111,Loamy,Maize,MOP
23.9,48.7,39.9,148,16,72,Black,Rice,Urea
33.9,66.6,29.0,129,36,64,Black,Sugarcane,Urea
15.4,73.0,12.3,57,10,39,Black,Sugarcane,Compost
17.9,46.4,48.3,111,89,43,Clayey,Barley,DAP
16.2,54.8,47.7,96,80,80,Black,Millets,Compost
16.0,37.3,41.4,66,53,110,Clayey,Wheat,DAP
36.4,40.9,49.7,66,50,113,Black,Wheat,Compost
32.6,70.9,31.8,139,84,77,Loamy,Wheat,DAP
26.9,40.9,48.5,62,51,46,Sandy,Maize,Compost
17.4,61.5,13.0,66,42,45,Black,Wheat,Compost
27.3,72.5,24.6,87,59,26,Loamy,Millets,Compost
26.8,36.4,19.0,130,72,61,Loamy,Maize,Compost
19.3,64.0,17.8,127,46,66,Black,Wheat,Compost
25.8,45.4,15.6,94,68,72,Loamy,Rice,Compost
25.0,87.8,34.9,55,57,78,Red,Cotton,Compost
30.4,59.0,41.3,84,14,57,Black,Maize,Compost
30.9,78.4,33.1,63,57,88,Black,Wheat,DAP
16.1,63.0,15.9,121,12,106,Sandy,Sugarcane,Urea
24.4,32.6,42.4,110,56,111,Clayey,Sugarcane,Urea
30.6,68.0,35.4,64,71,117,Black,Wheat,DAP
27.6,87.1,25.5,103,23,72,Sandy,Sugarcane,Urea
36.4,66.1,37.0,76,72,34,Clayey,Cotton,Compost
31.5,79.2,20.4,62,70,115,Loamy,Maize,MOP
19.1,83.1,23.8,80,40,45,Loamy,Rice,Compost
16.8,43.7,46.7,84,26,67,Loamy,Wheat,Compost
31.1,42.7,21.6,109,33,114,Black,Cotton,Compost
15.7,66.7,28.8,55,32,38,Black,Cotton,Compost
29.6,54.7,45.6,118,59,28,Black,Maize,Compost
38.5,80.4,38.3,135,87,83,Black,Wheat,DAP
29.4,84.0,12.5,107,88,112,Red,Barley,DAP
24.7,51.2,15.9,98,88,73,Red,Cotton,Compost
31.1,44.2,10.3,72,79,70,Red,Millets,Compost
26.5,76.8,35.2,138,36,58,Clayey,Rice,Urea
28.6,46.5,27.9,83,24,23,Black,Maize,Compost
38.5,79.4,15.4,75,59,22,Clayey,Wheat,DAP
24.7,55.4,48.3,96,45,83,Sandy,Maize,MOP
39.0,70.1,31.2,54,17,48,Black,Millets,Compost
37.6,35.7,19.7,139,88,30,Red,Wheat,DAP
19.9,67.4,30.0,69,12,116,Black,Sugarcane,Compost
16.7,57.1,37.2,55,71,77,Sandy,Sugarcane,Compost
17.5,65.2,13.0,119,56,94,Loamy,Millets,MOP
15.5,40.1,21.0,108,86,46,Sandy,Rice,Urea
17.4,74.2,42.3,113,70,116,Loamy,Rice,Urea
32.1,81.8,28.4,67,41,40,Black,Millets,Compost
16.8,43.0,31.9,53,22,58,Red,Sugarcane,Compost
23.0,35.7,27.3,66,10,114,Clayey,Cotton,Compost
36.1,31.4,11.8,63,43,65,Loamy,Millets,Compost
15.6,68.5,16.6,127,71,85,Clayey,Rice,Urea
35.4,66.4,27.8,62,88,110,Loamy,Rice,Compost
22.0,62.8,18.4,56,87,55,Red,Sugarcane,Compost
18.0,43.9,12.0,93,80,94,Black,Millets,MOP
32.4,53.5,43.7,64,40,101,Sandy,Sugarcane,Compost
30.7,65.7,49.2,68,73,84,Sandy,Millets,MOP
36.9,59.8,41.7,112,34,82,Clayey,Maize,MOP
33.4,89.3,44.2,84,47,118,Loamy,Maize,MOP
35.1,38.2,19.7,130,23,54,Loamy,Wheat,Compost
22.1,71.7,48.4,84,17,50,Red,Millets,Compost
19.4,54.3,17.9,68,63,47,Sandy,Maize,Compost
33.8,55.7,48.1,69,11,20,Clayey,Rice,Compost
35.2,73.1,49.8,149,87,44,Sandy,Barley,DAP
39.8,71.5,38.5,84,65,62,Sandy,Wheat,DAP
25.3,89.5,49.2,81,70,103,Sandy,Maize,MOP
24.3,37.7,32.8,97,31,86,Red,Rice,Compost
34.4,36.2,20.4,93,44,82,Clayey,Cotton,Compost
23.5,73.5,27.5,73,25,70,Sandy,Millets,Compost
38.3,64.7,33.7,110,59,21,Black,Millets,Compost
36.5,46.4,12.9,66,52,101,Clayey,Millets,MOP
25.7,34.8,34.9,120,26,83,Black,Sugarcane,Urea
33.8,35.1,49.2,99,89,93,Black,Rice,Compost
33.9,83.7,17.6,114,67,88,Red,Barley,DAP
17.6,41.5,41.7,148,11,28,Clayey,Barley,Compost
37.6,49.4,46.3,81,13,21,Loamy,Rice,Compost
27.6,43.6,47.7,85,48,53,Clayey,Barley,Compost
35.7,51.3,48.4,62,15,79,Clayey,Wheat,Compost
23.0,34.2,30.9,119,78,80,Black,Millets,Compost
37.4,61.1,49.1,107,78,50,Loamy,Maize,Compost
24.7,34.1,40.3,63,29,29,Sandy,Wheat,Compost
15.3,78.0,16.5,86,73,95,Clayey,Sugarcane,Compost
37.6,44.0,29.1,128,25,55,Black,Maize,Compost
17.3,62.4,38.7,117,60,104,Black,Millets,MOP
23.0,82.8,19.9,89,46,68,Red,Cotton,Compost
38.8,69.1,35.6,108,82,89,Red,Cotton,Compost
38.8,62.0,36.7,129,78,68,Sandy,Millets,Compost
29.3,49.5,16.5,141,51,22,Clayey,Maize,Compost
30.8,50.0,32.6,65,66,93,Clayey,Sugarcane,Compost
26.2,70.2,40.9,111,75,24,Clayey,Wheat,DAP
22.3,89.6,30.0,53,18,109,Sandy,Maize,MOP
23.2,69.7,10.5,94,73,80,Red,Wheat,DAP
31.8,63.5,10.4,139,31,104,Loamy,Cotton,NPK
33.8,73.8,24.3,77,43,109,Sandy,Rice,Compost
34.8,57.9,47.0,145,64,45,Loamy,Maize,Compost
34.7,33.6,19.1,115,38,91,Black,Wheat,Compost
17.3,63.7,35.4,80,47,24,Black,Rice,Compost
27.4,87.5,18.9,52,27,34,Red,Barley,Compost
16.4,40.5,22.9,57,80,35,Loamy,Rice,Compost
28.7,71.4,43.9,73,74,20,Red,Cotton,Compost
26.0,42.1,39.2,64,10,35,Red,Maize,Compost
37.2,62.1,13.8,92,13,56,Loamy,Barley,Compost
23.8,35.8,27.1,80,13,22,Black,Rice,Compost
17.9,57.0,11.2,122,36,71,Loamy,Millets,Compost
18.6,75.4,29.2,94,52,66,Loamy,Sugarcane,Compost
34.0,50.9,36.5,115,68,114,Clayey,Cotton,Compost
30.5,69.9,14.7,57,41,32,Loamy,Cotton,Compost
17.5,77.7,21.6,120,42,99,Clayey,Barley,Compost
17.1,85.6,25.9,106,37,74,Red,Cotton,Compost
32.5,44.1,46.8,129,64,40,Clayey,Rice,Urea
16.8,54.0,49.7,148,69,85,Sandy,Sugarcane,Urea
35.5,39.1,11.8,79,79,73,Loamy,Wheat,DAP
32.7,89.5,40.4,123,71,46,Clayey,Barley,DAP
17.0,85.6,24.9,67,89,57,Loamy,Rice,Compost
17.1,62.4,25.7,118,43,109,Black,Sugarcane,Urea
39.7,80.5,40.2,142,65,77,Clayey,Rice,Urea
24.4,61.3,46.7,88,22,81,Clayey,Maize,MOP
24.3,67.4,48.0,109,65,65,Black,Cotton,Compost
35.3,35.3,33.1,147,27,108,Red,Wheat,Compost
38.7,75.3,24.3,92,63,30,Loamy,Barley,DAP
39.7,37.7,41.5,94,86,91,Red,Barley,DAP
33.8,79.6,20.0,72,52,27,Sandy,Sugarcane,Compost
24.4,76.9,32.6,118,48,116,Sandy,Maize,MOP
17.1,72.5,24.3,143,70,90,Clayey,Maize,MOP
34.4,32.2,36.3,55,51,83,Black,Rice,Compost
29.0,48.2,19.6,105,88,40,Loamy,Barley,DAP
25.6,45.8,17.7,53,27,91,Sandy,Rice,Compost
37.7,51.6,46.7,142,32,82,Clayey,Rice,Urea
17.8,35.3,14.1,72,63,104,Clayey,Sugarcane,Compost
27.3,86.2,30.2,55,39,83,Loamy,Millets,MOP
15.3,63.2,18.8,81,67,39,Red,Wheat,DAP
26.7,48.3,11.6,67,77,27,Loamy,Wheat,DAP
16.4,53.8,11.4,64,76,77,Loamy,Sugarcane,Compost
18.0,56.8,17.0,89,80,65,Black,Cotton,Compost
17.9,66.0,44.7,145,27,50,Clayey,Cotton,NPK
31.2,60.9,21.3,122,16,112,Clayey,Rice,Urea
33.7,85.2,48.0,123,49,28,Red,Wheat,Compost
29.6,59.8,33.3,133,79,34,Loamy,Barley,DAP
39.1,89.5,27.5,55,74,113,Red,Maize,MOP
24.4,81.1,33.2,112,77,45,Red,Wheat,DAP
22.1,42.5,30.7,116,58,29,Loamy,Maize,Compost
36.7,85.8,40.4,60,61,48,Black,Wheat,DAP
20.6,37.0,21.3,92,38,99,Loamy,Sugarcane,Compost
39.1,79.0,24.1,66,30,55,Black,Maize,Compost
15.3,52.8,45.8,145,87,103,Clayey,Wheat,DAP
39.2,82.7,47.9,53,18,56,Loamy,Cotton,Compost
16.1,82.1,45.7,112,56,105,Black,Barley,DAP
37.3,78.4,26.8,117,85,90,Loamy,Cotton,Compost
28.2,77.4,41.2,130,51,42,Black,Wheat,DAP
39.8,48.3,29.1,90,60,60,Black,Barley,DAP
16.8,34.9,29.9,132,65,112,Loamy,Barley,DAP
28.8,54.2,18.2,54,60,99,Black,Maize,MOP
39.2,40.4,33.6,81,79,47,Red,Rice,Compost
28.1,71.7,17.4,135,29,67,Sandy,Cotton,NPK
30.7,50.8,23.3,119,36,57,Black,Cotton,Compost
32.4,88.5,44.2,84,47,50,Loamy,Barley,Compost
26.4,68.5,18.3,71,81,33,Black,Barley,DAP
30.7,79.3,12.8,114,74,116,Black,Rice,Urea
29.6,38.0,12.8,133,63,92,Clayey,Millets,MOP
37.5,81.7,47.6,71,33,110,Red,Barley,Compost
16.1,85.4,30.3,60,56,107,Red,Rice,Compost
22.0,59.2,26.4,126,80,96,Loamy,Millets,MOP
38.8,66.4,42.4,52,72,109,Black,Millets,MOP
37.3,75.9,43.4,58,66,48,Loamy,Cotton,Compost
26.4,40.5,23.3,109,64,70,Clayey,Sugarcane,Urea
30.5,60.2,37.7,125,69,68,Red,Wheat,DAP
21.9,53.9,40.8,136,71,62,Loamy,Wheat,DAP
19.7,38.8,36.2,63,39,111,Red,Wheat,Compost
26.6,52.1,16.1,146,31,111,Red,Millets,MOP
23.8,34.1,45.0,67,84,91,Red,Sugarcane,Compost
29.6,31.5,31.6,122,38,106,Sandy,Barley,Compost
16.9,38.1,21.3,72,50,112,Black,Maize,MOP
39.4,87.8,27.0,123,51,24,Red,Rice,Urea
39.7,63.0,11.5,132,74,61,Sandy,Sugarcane,Urea
32.5,87.9,15.1,96,40,26,Clayey,Cotton,Compost
28.4,55.9,40.6,118,39,61,Loamy,Millets,Compost
22.7,48.7,10.0,96,27,55,Red,Rice,Compost
35.3,60.4,26.7,136,26,46,Black,Rice,Urea
32.1,56.4,30.9,79,47,77,Loamy,Cotton,Compost
19.1,36.3,12.2,74,23,65,Clayey,Rice,Compost
37.8,68.4,48.9,77,88,85,Red,Rice,Compost
35.6,43.0,19.0,147,65,44,Loamy,Rice,Urea
38.7,67.2,22.2,74,31,92,Clayey,Barley,Compost
33.1,69.0,22.2,123,76,46,Loamy,Millets,Compost
30.3,39.1,19.2,127,65,20,Sandy,Maize,Compost
25.5,33.7,10.1,107,28,106,Clayey,Sugarcane,Urea
38.3,76.8,39.2,143,66,93,Red,Barley,DAP
36.7,57.6,48.7,90,53,61,Loamy,Wheat,DAP
16.1,33.5,19.0,74,44,71,Black,Barley,Compost
15.7,89.7,36.5,127,10,44,Sandy,Sugarcane,Urea
24.4,33.5,39.7,148,61,73,Red,Maize,Compost
35.3,71.7,43.9,97,79,86,Sandy,Wheat,DAP
39.7,89.0,26.9,147,46,25,Red,Sugarcane,Urea
18.8,44.4,22.1,59,74,77,Clayey,Sugarcane,Compost
29.9,38.5,23.0,148,60,89,Loamy,Cotton,NPK
24.5,37.3,38.5,124,10,72,Clayey,Millets,Compost
39.2,48.2,42.7,60,30,85,Clayey,Sugarcane,Compost
36.1,36.1,17.3,134,62,77,Red,Wheat,DAP
36.0,71.5,24.8,70,25,101,Red,Wheat,Compost
26.7,33.7,46.1,135,70,106,Clayey,Cotton,NPK
25.4,60.6,42.3,94,63,21,Loamy,Sugarcane,Compost
21.8,89.8,49.4,56,49,95,Black,Rice,Compost
16.4,78.8,40.2,130,35,41,Loamy,Millets,Compost
36.6,66.9,25.7,113,89,56,Clayey,Millets,Compost
35.3,48.4,33.6,113,74,39,Black,Maize,Compost
40.0,67.4,36.4,51,83,43,Red,Millets,Compost
39.9,61.6,13.1,125,73,103,Loamy,Rice,Urea
28.9,55.6,31.8,91,52,84,Sandy,Maize,MOP
34.2,37.8,38.4,131,26,84,Red,Millets,MOP
38.6,83.2,16.7,103,68,100,Loamy,Wheat,DAP
36.2,57.0,41.2,124,32,20,Sandy,Cotton,NPK
21.2,41.7,33.4,65,16,113,Red,Barley,Compost
26.3,52.1,48.1,67,53,22,Clayey,Maize,Compost
18.2,54.8,11.7,148,62,65,Sandy,Millets,Compost
38.9,79.7,20.6,108,80,74,Loamy,Millets,Compost
30.2,74.0,34.1,139,88,94,Loamy,Rice,Urea
20.7,76.2,21.9,65,43,107,Black,Cotton,Compost
31.8,30.7,38.6,55,55,105,Clayey,Sugarcane,Compost
30.5,55.0,40.4,106,77,83,Clayey,Wheat,DAP
24.0,58.9,14.1,96,87,64,Sandy,Millets,Compost
17.8,31.2,30.6,97,87,45,Sandy,Barley,DAP
31.8,45.6,30.4,91,25,96,Sandy,Millets,MOP
28.0,75.6,24.8,125,80,84,Clayey,Millets,MOP
34.3,38.2,47.3,109,28,43,Loamy,Rice,Urea
28.0,62.1,43.1,126,11,93,Loamy,Wheat,Compost
36.3,42.9,37.9,53,19,54,Red,Barley,Compost
28.8,30.7,38.6,51,59,43,Black,Sugarcane,Compost
29.0,44.5,28.5,139,21,47,Black,Cotton,NPK
36.9,88.6,46.8,108,79,119,Black,Sugarcane,Urea
25.1,78.1,37.8,76,31,99,Loamy,Sugarcane,Compost
18.4,87.6,39.2,76,41,35,Loamy,Wheat,Compost
15.7,59.3,44.5,128,10,78,Sandy,Wheat,Compost
33.9,36.6,21.0,121,63,100,Red,Rice,Urea
30.5,62.9,42.3,56,67,73,Red,Barley,DAP
32.6,57.3,17.8,112,79,98,Loamy,Millets,MOP
20.3,80.7,23.8,95,27,35,Red,Millets,Compost
18.4,35.9,23.4,112,15,34,Black,Maize,Compost
15.4,59.3,49.1,61,54,117,Clayey,Millets,MOP
23.8,39.0,44.3,62,32,30,Red,Rice,Compost
29.7,49.5,38.0,92,32,84,Black,Cotton,Compost
24.8,74.2,39.1,66,35,98,Sandy,Barley,Compost
25.9,58.6,32.5,112,86,109,Loamy,Maize,MOP
37.6,52.6,47.9,130,16,87,Sandy,Rice,Urea
23.7,53.7,29.9,85,88,62,Red,Rice,Compost
27.8,57.6,25.2,134,53,88,Red,Cotton,NPK
34.6,77.1,16.5,57,36,118,Black,Maize,MOP
24.9,83.5,41.4,118,35,32,Clayey,Rice,Urea
30.6,87.3,39.4,139,88,29,Red,Rice,Urea
36.6,77.2,25.4,129,45,94,Sandy,Barley,Compost
38.7,48.9,11.0,85,64,101,Sandy,Rice,Compost
18.7,71.3,43.6,77,73,117,Red,Maize,MOP
38.2,56.3,10.5,142,66,60,Red,Rice,Urea
27.3,45.3,38.1,96,78,69,Clayey,Barley,DAP
21.5,80.5,48.8,125,70,106,Black,Wheat,DAP
26.5,32.3,27.5,79,11,90,Black,Wheat,Compost
39.5,84.1,19.4,72,64,78,Red,Wheat,DAP
27.3,57.7,38.2,65,89,58,Red,Millets,Compost
23.2,68.2,42.7,63,47,22,Red,Millets,Compost
30.8,69.6,31.9,123,89,95,Red,Sugarcane,Urea
21.0,83.7,48.7,120,87,26,Sandy,Wheat,DAP
16.9,68.2,12.1,101,38,68,Clayey,Millets,Compost
18.2,66.8,30.2,86,35,45,Clayey,Cotton,Compost
18.2,34.0,38.7,78,44,52,Black,Barley,Compost
18.8,61.1,44.5,116,88,67,Sandy,Wheat,DAP
18.5,39.0,17.2,64,76,98,Red,Wheat,DAP
31.0,74.2,42.0,149,38,21,Red,Millets,Compost
19.5,60.7,32.1,96,43,90,Red,Sugarcane,Compost
23.6,70.8,25.9,95,50,51,Clayey,Sugarcane,Compost
37.4,32.5,15.3,101,50,23,Black,Barley,Compost
26.8,35.1,44.6,68,32,39,Clayey,Rice,Compost
31.7,73.0,16.3,126,80,55,Red,Sugarcane,Urea
19.3,34.3,22.4,70,12,51,Red,Millets,Compost
19.8,34.3,21.6,113,67,47,Red,Rice,Urea
16.0,30.7,44.9,86,41,96,Clayey,Wheat,Compost
19.2,87.4,36.9,76,40,20,Red,Sugarcane,Compost
22.0,74.3,41.9,104,52,79,Black,Maize,Compost
19.4,51.2,20.0,78,16,75,Loamy,Millets,Compost
17.2,47.8,35.0,69,10,54,Clayey,Barley,Compost
18.0,51.0,32.9,74,70,49,Clayey,Millets,Compost
26.5,76.5,43.3,119,23,73,Black,Millets,Compost
20.2,69.7,46.2,112,61,55,Red,Rice,Urea
24.1,41.1,10.5,85,15,74,Loamy,Cotton,Compost
27.6,40.4,37.0,51,19,108,Clayey,Sugarcane,Compost
32.3,35.9,12.1,71,80,99,Red,Barley,DAP
16.0,69.6,32.0,145,39,77,Clayey,Barley,Compost
35.0,75.9,21.5,65,30,102,Sandy,Maize,MOP
30.7,45.9,22.3,67,69,84,Loamy,Maize,MOP
17.0,31.3,24.1,118,83,88,Red,Barley,DAP
36.8,34.9,34.9,103,72,70,Red,Cotton,Compost
38.0,88.1,23.4,149,51,41,Loamy,Rice,Urea
16.5,47.7,39.3,79,60,107,Sandy,Rice,Compost
21.9,76.2,26.2,94,73,72,Sandy,Barley,DAP
35.2,67.5,12.7,68,85,119,Red,Maize,MOP
33.7,52.9,41.4,136,65,55,Clayey,Wheat,DAP
19.6,42.3,21.4,83,89,87,Loamy,Maize,MOP
20.2,37.3,27.3,62,50,55,Sandy,Millets,Compost
24.3,66.9,37.4,92,41,71,Red,Rice,Compost
27.1,76.5,23.3,111,24,72,Sandy,Barley,Compost
30.5,68.6,12.3,142,71,101,Loamy,Millets,MOP
24.2,61.8,25.0,149,36,69,Loamy,Sugarcane,Urea
26.6,32.5,47.8,71,37,99,Clayey,Millets,MOP
33.7,88.1,35.7,101,73,60,Red,Rice,Urea
15.9,77.9,36.9,101,68,37,Clayey,Rice,Urea
21.3,47.6,35.3,85,67,41,Loamy,Wheat,DAP
32.8,88.8,18.0,122,11,85,Sandy,Millets,MOP
37.4,66.1,26.7,68,45,40,Red,Cotton,Compost
27.8,64.9,40.0,87,80,119,Clayey,Rice,Compost
28.3,74.9,14.1,119,22,63,Clayey,Wheat,Compost
17.7,78.7,21.1,128,24,66,Clayey,Rice,Urea
26.2,69.4,21.1,106,69,58,Loamy,Barley,DAP
28.3,37.7,27.3,69,31,48,Black,Wheat,Compost
21.1,50.3,49.2,58,72,73,Red,Sugarcane,Compost
21.7,85.7,12.7,81,84,109,Loamy,Millets,MOP
24.4,43.5,30.7,53,83,104,Loamy,Millets,MOP
15.5,52.3,17.2,99,34,36,Black,Sugarcane,Compost
23.1,55.9,48.8,131,57,99,Red,Barley,DAP
20.3,56.4,14.5,54,52,79,Loamy,Wheat,DAP
23.2,66.8,26.1,69,47,50,Clayey,Rice,Compost
18.0,86.6,39.5,136,50,92,Black,Maize,MOP
37.3,44.4,38.2,124,54,114,Red,Wheat,DAP
29.8,37.3,26.9,86,49,97,Black,Rice,Compost
32.0,41.8,23.9,71,26,68,Black,Cotton,Compost
34.7,83.2,25.9,107,66,21,Clayey,Maize,Compost
27.5,68.7,20.6,117,11,67,Black,Sugarcane,Urea
17.2,47.2,18.2,142,71,33,Red,Wheat,DAP
28.4,79.0,29.3,93,18,78,Sandy,Cotton,Compost
29.7,81.7,20.7,83,77,116,Black,Rice,Compost
33.6,80.8,21.5,126,26,118,Black,Wheat,Compost
25.8,85.1,36.3,91,59,77,Sandy,Maize,Compost
18.2,45.1,48.7,58,49,77,Black,Cotton,Compost
22.1,75.3,34.1,144,67,70,Black,Cotton,NPK
24.1,57.6,13.1,56,84,103,Black,Maize,MOP
31.1,80.5,13.0,117,30,21,Black,Barley,Compost
29.3,73.7,48.1,68,27,60,Loamy,Millets,Compost
23.9,76.6,21.9,143,64,102,Red,Wheat,DAP
39.7,69.4,13.7,80,38,101,Sandy,Wheat,Compost
30.1,40.6,34.0,84,33,35,Clayey,Rice,Compost
20.9,62.7,34.9,106,83,23,Red,Wheat,DAP
17.5,89.1,35.9,134,26,31,Black,Maize,Compost
18.8,86.2,20.7,110,27,48,Red,Wheat,Compost
21.1,32.6,10.6,80,51,26,Black,Maize,Compost
19.0,39.9,48.6,132,54,33,Loamy,Rice,Urea
19.7,37.9,20.0,144,26,31,Black,Millets,Compost
22.1,73.6,37.0,102,82,118,Clayey,Millets,MOP
19.3,79.1,38.3,81,23,24,Sandy,Cotton,Compost
37.4,42.8,34.4,115,58,100,Loamy,Cotton,Compost
17.0,60.4,22.5,108,38,51,Loamy,Barley,Compost
28.1,80.4,20.8,59,13,93,Black,Rice,Compost
25.3,74.0,33.9,51,29,62,Black,Sugarcane,Compost
39.6,62.5,44.6,115,56,100,Red,Sugarcane,Urea
17.8,65.4,47.9,109,18,88,Sandy,Millets,MOP
24.9,60.5,14.2,137,86,64,Black,Barley,DAP
39.2,47.9,16.2,66,88,28,Black,Rice,Compost
36.6,63.9,47.8,145,36,68,Black,Maize,Compost
35.4,71.3,39.5,65,24,52,Red,Sugarcane,Compost
21.4,82.4,45.3,65,28,119,Red,Sugarcane,Compost
19.3,68.2,18.1,95,61,119,Red,Rice,Compost
31.7,75.7,33.5,88,35,37,Black,Cotton,Compost
38.2,39.6,38.0,80,35,28,Loamy,Barley,Compost
28.9,57.7,37.2,137,35,81,Clayey,Sugarcane,Urea
29.3,30.6,26.3,50,55,76,Loamy,Barley,DAP
22.0,44.8,10.6,60,58,48,Sandy,Wheat,DAP
34.2,73.6,33.3,134,62,97,Clayey,Cotton,NPK
19.7,89.5,20.1,53,12,44,Clayey,Wheat,Compost
23.1,36.0,28.0,120,75,34,Sandy,Maize,Compost
25.6,54.1,48.3,75,51,25,Black,Sugarcane,Compost
27.7,78.0,26.0,99,28,61,Sandy,Millets,Compost
21.1,42.2,43.6,61,26,48,Loamy,Rice,Compost
17.9,63.3,17.5,144,42,98,Clayey,Sugarcane,Urea
30.3,74.0,36.9,130,85,112,Red,Maize,MOP
22.2,67.0,49.1,146,58,23,Sandy,Millets,Compost
29.5,41.3,14.1,124,65,101,Black,Wheat,DAP
18.9,51.3,10.3,141,72,76,Sandy,Cotton,NPK
27.0,77.0,27.3,145,12,68,Red,Wheat,Compost
28.3,63.3,13.7,114,58,63,Clayey,Barley,DAP
16.3,30.3,39.9,96,64,99,Black,Sugarcane,Compost
23.4,75.7,46.6,141,35,94,Clayey,Maize,MOP
18.4,32.1,27.4,102,81,33,Sandy,Wheat,DAP
16.6,74.7,20.3,120,61,22,Loamy,Wheat,DAP
39.7,42.1,27.4,51,16,81,Loamy,Barley,Compost
23.1,87.5,38.9,73,55,83,Red,Millets,MOP
35.2,52.1,10.4,53,55,64,Clayey,Cotton,Compost
21.4,49.6,33.6,68,25,101,Red,Maize,MOP
32.0,38.9,34.5,75,33,77,Sandy,Wheat,Compost
34.0,48.3,35.5,124,70,39,Loamy,Millets,Compost
29.9,82.6,19.7,89,63,77,Sandy,Maize,Compost
26.8,89.8,38.6,99,71,108,Loamy,Barley,DAP
25.3,52.1,13.7,92,10,76,Black,Barley,Compost
23.7,56.9,18.0,124,58,96,Clayey,Sugarcane,Urea
38.2,73.3,45.1,116,34,87,Clayey,Wheat,Compost
35.8,83.2,39.5,61,19,97,Red,Barley,Compost
39.1,65.6,10.5,116,89,116,Clayey,Maize,MOP
18.1,53.5,19.9,76,25,111,Black,Rice,Compost
33.3,54.8,18.6,103,67,71,Black,Maize,Compost
38.5,71.7,20.8,115,81,56,Red,Cotton,Compost
19.5,30.2,19.9,98,38,27,Black,Barley,Compost
16.7,67.2,12.5,65,15,63,Red,Sugarcane,Compost
33.5,51.3,28.4,51,25,117,Clayey,Millets,MOP
29.4,77.7,39.3,109,29,24,Loamy,Millets,Compost
36.0,35.6,34.3,103,89,88,Loamy,Millets,MOP
18.5,65.3,36.9,79,80,50,Red,Sugarcane,Compost
34.9,58.9,13.2,133,87,64,Red,Cotton,NPK
20.0,68.5,48.1,87,52,28,Clayey,Sugarcane,Compost
19.1,33.9,43.5,77,35,51,Clayey,Maize,Compost
19.1,64.8,42.2,74,87,52,Sandy,Rice,Compost
35.4,63.7,42.9,145,80,86,Sandy,Millets,MOP
31.6,63.6,47.3,59,42,49,Clayey,Sugarcane,Compost
28.1,66.2,31.8,109,35,95,Sandy,Wheat,Compost
24.0,70.6,18.0,91,54,48,Sandy,Maize,Compost
36.9,78.3,34.7,89,72,22,Loamy,Wheat,DAP
24.8,46.2,39.7,146,76,109,Sandy,Wheat,DAP
35.4,79.5,39.5,126,61,76,Loamy,Millets,Compost
26.0,59.9,30.9,91,77,49,Sandy,Rice,Compost
24.4,34.6,12.7,96,35,28,Black,Wheat,Compost
26.6,33.5,24.8,86,84,45,Red,Sugarcane,Compost
22.5,50.1,46.8,129,11,21,Clayey,Barley,Compost
33.7,77.1,33.4,71,23,81,Loamy,Sugarcane,Compost
27.6,72.5,31.5,106,39,22,Clayey,Wheat,Compost
20.8,77.3,20.8,133,58,65,Sandy,Sugarcane,Urea
37.5,61.0,24.7,76,21,87,Red,Sugarcane,Compost
24.6,56.4,45.8,90,53,44,Sandy,Maize,Compost
28.6,38.8,36.7,129,42,70,Black,Millets,Compost
37.7,49.7,41.5,83,22,32,Sandy,Maize,Compost
30.6,56.0,28.2,81,87,63,Black,Millets,Compost
17.9,35.3,35.2,139,35,54,Red,Rice,Urea
38.5,43.2,19.9,138,30,74,Red,Wheat,Compost
30.7,65.9,38.2,115,37,106,Black,Cotton,Compost
23.4,74.1,27.1,61,57,28,Clayey,Maize,Compost
18.5,89.9,27.7,89,49,21,Sandy,Maize,Compost
34.9,86.0,36.0,122,75,80,Black,Millets,Compost
30.5,68.6,47.5,125,82,60,Red,Wheat,DAP
28.3,55.3,12.6,139,88,63,Sandy,Sugarcane,Urea
37.3,68.2,43.0,122,86,83,Red,Wheat,DAP
34.7,77.1,21.7,59,32,50,Loamy,Rice,Compost
18.8,37.1,27.8,145,57,66,Loamy,Maize,Compost
22.8,54.6,10.9,147,11,21,Red,Sugarcane,Urea
21.2,80.4,22.0,97,29,115,Sandy,Barley,Compost
33.6,53.0,30.1,69,68,101,Sandy,Rice,Compost
15.8,64.3,12.2,88,55,96,Black,Millets,MOP
29.2,65.3,29.6,109,12,88,Red,Cotton,Compost
34.1,41.1,47.1,115,64,77,Loamy,Barley,DAP
36.9,51.7,14.2,114,21,63,Black,Barley,Compost
23.6,50.1,40.6,100,49,93,Clayey,Maize,MOP
35.5,31.6,26.4,85,75,75,Clayey,Cotton,Compost
17.8,31.5,36.2,73,87,62,Black,Cotton,Compost
36.2,79.9,20.4,76,25,108,Clayey,Rice,Compost
18.2,46.4,16.4,51,43,53,Clayey,Wheat,Compost
24.9,61.1,16.4,80,53,49,Sandy,Barley,DAP
34.9,47.9,12.8,106,15,90,Black,Sugarcane,Urea
18.7,86.4,17.4,127,86,89,Red,Maize,MOP
20.7,45.6,36.6,115,73,74,Sandy,Sugarcane,Urea
33.1,55.8,45.3,78,31,86,Clayey,Cotton,Compost
33.0,82.4,42.6,64,27,32,Sandy,Barley,Compost
31.0,80.5,37.4,61,21,22,Black,Rice,Compost
32.3,41.2,14.4,77,61,45,Sandy,Barley,DAP
28.6,78.2,21.6,133,60,76,Sandy,Sugarcane,Urea
21.3,57.5,22.4,73,80,43,Red,Maize,Compost
23.6,59.0,20.0,70,57,72,Sandy,Wheat,DAP
19.5,38.0,30.6,59,28,89,Sandy,Maize,MOP
37.7,34.8,31.4,127,15,62,Loamy,Cotton,NPK
29.6,73.7,24.3,67,36,79,Clayey,Wheat,Compost
25.0,59.8,24.2,137,62,77,Sandy,Rice,Urea
26.6,56.2,43.1,63,57,68,Sandy,Rice,Compost
38.7,73.8,41.6,83,16,61,Sandy,Millets,Compost
18.8,75.9,22.3,107,68,95,Black,Rice,Urea
29.7,39.5,46.6,125,78,119,Clayey,Wheat,DAP
27.6,66.6,48.1,71,20,85,Red,Sugarcane,Compost
30.3,38.1,23.1,119,24,30,Black,Rice,Urea
15.5,75.1,24.2,85,73,117,Red,Barley,DAP
36.8,69.4,30.2,94,12,109,Clayey,Sugarcane,Compost
38.3,87.4,47.6,85,78,37,Red,Maize,Compost
29.1,34.1,45.1,71,32,104,Red,Barley,Compost
32.4,33.4,14.1,127,62,119,Red,Wheat,DAP
38.1,46.9,25.7,129,46,71,Loamy,Barley,Compost
32.7,45.7,32.1,110,18,65,Black,Sugarcane,Urea
18.8,44.8,30.1,149,24,63,Loamy,Barley,Compost
29.4,84.4,17.8,105,12,41,Black,Millets,Compost
30.2,45.0,44.4,138,79,72,Red,Cotton,NPK
25.6,46.3,37.1,145,26,78,Black,Cotton,NPK
33.4,75.6,43.5,82,35,113,Loamy,Wheat,Compost
38.4,57.0,44.4,94,30,49,Red,Barley,Compost
38.1,76.6,39.9,85,81,27,Red,Rice,Compost
26.3,33.9,27.6,69,30,117,Clayey,Barley,Compost
17.8,59.3,34.4,67,20,76,Black,Maize,Compost
39.6,32.0,16.4,87,47,92,Black,Barley,Compost
36.0,33.8,36.9,116,81,39,Black,Cotton,Compost
18.1,84.4,17.2,72,44,44,Sandy,Sugarcane,Compost
38.0,38.4,37.8,145,23,38,Sandy,Wheat,Compost
36.7,61.9,19.2,65,23,24,Black,Maize,Compost
28.0,54.7,14.7,108,19,94,Clayey,Cotton,Compost
29.8,50.8,16.6,118,21,98,Loamy,Cotton,Compost
25.0,84.0,10.1,117,47,91,Red,Millets,MOP
16.4,31.3,38.7,70,43,102,Black,Wheat,Compost
23.4,69.8,39.3,127,50,106,Red,Maize,MOP
35.1,87.8,30.6,144,19,46,Black,Maize,Compost
15.1,63.6,16.5,127,26,59,Red,Millets,Compost
23.3,86.2,13.3,119,26,115,Loamy,Sugarcane,Urea
25.0,33.1,10.8,61,76,45,Sandy,Barley,DAP
28.4,55.1,16.6,65,71,46,Clayey,Cotton,Compost
38.0,45.6,45.6,130,10,81,Sandy,Cotton,NPK
23.7,73.8,19.7,136,21,102,Loamy,Wheat,Compost
23.7,88.9,24.2,63,13,69,Red,Millets,Compost
33.4,45.4,14.2,110,51,61,Loamy,Rice,Urea
26.3,69.3,18.9,120,22,48,Black,Cotton,Compost
20.6,41.9,30.8,95,13,58,Clayey,Maize,Compost
26.3,63.9,34.3,81,78,79,Loamy,Cotton,Compost
18.5,57.8,19.8,64,28,60,Clayey,Wheat,Compost
19.4,88.3,12.3,93,11,52,Black,Cotton,Compost
27.5,66.5,25.6,66,21,102,Black,Barley,Compost
25.5,51.0,19.4,90,83,102,Black,Wheat,DAP
37.9,36.8,18.8,103,15,116,Clayey,Maize,MOP
24.1,39.1,48.4,93,17,35,Black,Barley,Compost
29.5,43.5,34.7,147,60,42,Clayey,Millets,Compost
30.8,45.1,32.3,54,20,26,Black,Barley,Compost
15.3,81.0,26.6,76,72,45,Sandy,Barley,DAP
31.6,63.7,27.2,136,66,115,Clayey,Sugarcane,Urea
19.5,61.4,31.6,127,21,31,Loamy,Rice,Urea
39.0,36.9,37.9,128,82,91,Sandy,Maize,MOP
18.7,81.6,38.1,92,11,24,Red,Wheat,Compost
25.4,73.4,16.9,146,17,111,Loamy,Millets,MOP
17.1,34.1,30.0,80,20,88,Clayey,Cotton,Compost
39.9,72.5,26.5,148,62,68,Red,Barley,DAP
27.6,62.6,44.8,66,19,45,Black,Barley,Compost
29.9,34.9,35.3,141,17,24,Loamy,Maize,Compost
16.7,57.5,31.3,132,45,41,Loamy,Rice,Urea
33.7,59.1,14.6,103,85,98,Loamy,Wheat,DAP
20.2,39.9,34.2,111,23,32,Sandy,Millets,Compost
37.5,86.7,14.7,136,63,47,Red,Sugarcane,Urea
20.1,81.0,23.5,81,30,52,Clayey,Wheat,Compost
19.8,70.1,15.7,89,59,42,Loamy,Sugarcane,Compost
15.9,57.7,37.7,62,48,116,Sandy,Rice,Compost
26.8,54.7,18.3,133,29,37,Red,Maize,Compost
29.1,69.1,25.7,84,16,49,Clayey,Millets,Compost
16.6,62.7,45.8,54,18,45,Clayey,Millets,Compost
34.4,33.7,18.2,122,10,35,Loamy,Maize,Compost
26.3,60.8,30.3,78,35,96,Black,Cotton,Compost
28.1,78.4,26.8,119,47,58,Clayey,Millets,Compost
26.0,57.6,10.7,74,47,52,Loamy,Barley,Compost
25.0,33.1,41.7,144,70,45,Sandy,Millets,Compost
29.0,77.2,12.8,71,53,67,Loamy,Sugarcane,Compost
18.9,42.1,29.0,115,53,84,Red,Wheat,DAP
19.5,45.5,32.4,94,83,57,Red,Sugarcane,Compost
36.5,39.9,35.1,118,71,21,Sandy,Maize,Compost
38.7,49.8,37.5,140,15,25,Sandy,Barley,Compost
24.3,75.4,20.1,138,26,65,Sandy,Maize,Compost
21.8,61.2,10.4,121,60,69,Red,Maize,Compost
31.1,42.3,38.9,50,47,57,Clayey,Cotton,Compost
25.2,82.7,31.4,133,33,107,Loamy,Rice,Urea
15.6,82.8,43.4,93,60,37,Black,Barley,DAP
18.9,82.2,42.9,136,19,46,Black,Sugarcane,Urea
32.9,44.3,43.7,145,81,60,Black,Barley,DAP
31.5,57.1,29.4,124,30,91,Sandy,Millets,MOP
15.7,89.1,23.3,88,79,111,Clayey,Wheat,DAP
20.5,76.3,41.7,103,66,93,Red,Barley,DAP
20.8,31.6,28.1,137,48,36,Loamy,Wheat,Compost
31.8,33.9,17.3,124,42,81,Black,Sugarcane,Urea
15.5,57.8,44.2,78,68,48,Sandy,Wheat,DAP
17.6,84.6,45.3,103,27,77,Red,Sugarcane,Urea
35.0,62.3,28.7,139,65,89,Loamy,Maize,MOP
19.5,59.9,13.0,65,66,97,Black,Wheat,DAP
31.3,36.3,25.5,148,85,41,Loamy,Cotton,NPK
21.0,69.4,42.1,69,57,25,Clayey,Barley,DAP
17.5,79.3,46.1,95,51,45,Clayey,Rice,Compost
21.1,52.8,18.1,116,36,58,Black,Rice,Urea
33.1,76.5,12.7,114,83,31,Loamy,Rice,Urea
36.4,87.9,45.1,107,61,118,Loamy,Sugarcane,Urea
35.8,42.2,25.6,102,51,33,Black,Millets,Compost
24.9,61.4,31.7,50,41,41,Clayey,Rice,Compost
31.7,47.2,48.7,130,35,70,Sandy,Cotton,NPK
20.1,77.6,12.7,115,34,42,Black,Sugarcane,Urea
22.3,64.7,35.9,78,84,67,Red,Millets,Compost
37.4,68.1,13.0,133,32,90,Loamy,Barley,Compost
15.3,77.9,25.0,119,66,69,Loamy,Rice,Urea
17.1,53.8,42.2,57,61,108,Sandy,Wheat,DAP
20.2,84.9,27.3,78,40,32,Black,Wheat,Compost
15.7,62.0,49.9,100,73,104,Black,Barley,DAP
19.5,39.5,32.4,82,80,29,Loamy,Maize,Compost
29.6,71.8,22.8,52,42,74,Red,Sugarcane,Compost
25.5,77.6,18.8,109,11,28,Loamy,Maize,Compost
37.3,49.0,24.0,84,27,98,Red,Sugarcane,Compost
35.4,81.4,24.9,118,56,71,Black,Cotton,Compost
23.5,84.4,12.7,140,42,21,Black,Barley,Compost
21.5,46.6,24.8,125,44,44,Black,Rice,Urea
24.5,89.0,28.6,133,60,32,Black,Barley,DAP
29.8,38.4,38.9,69,27,117,Black,Wheat,Compost
21.7,42.1,36.3,122,81,70,Clayey,Maize,Compost
30.6,41.1,38.4,88,39,77,Black,Rice,Compost
25.2,83.6,10.3,53,53,53,Black,Rice,Compost
28.8,69.3,18.7,68,62,54,Loamy,Rice,Compost
25.9,39.1,36.5,140,19,22,Sandy,Barley,Compost
22.4,56.4,29.4,94,61,78,Black,Sugarcane,Compost
38.7,66.9,10.2,92,58,89,Clayey,Millets,MOP
34.1,35.0,42.2,62,20,67,Clayey,Wheat,Compost
18.5,82.9,40.9,62,75,83,Red,Barley,DAP
36.7,78.2,31.9,109,67,38,Clayey,Rice,Urea
27.2,60.3,12.7,106,45,86,Clayey,Rice,Urea
37.4,88.0,40.7,135,42,101,Clayey,Rice,Urea
35.0,55.1,33.3,141,56,92,Red,Barley,DAP
25.6,89.0,41.3,101,22,95,Loamy,Millets,MOP
15.6,70.1,40.1,102,49,24,Loamy,Rice,Urea
21.7,68.1,42.1,135,77,86,Loamy,Maize,MOP
28.5,40.0,30.7,92,51,30,Sandy,Rice,Compost
30.8,82.9,15.6,132,28,113,Clayey,Rice,Urea
21.4,55.6,36.8,121,28,87,Red,Maize,MOP
18.5,39.7,34.8,121,67,88,Black,Millets,MOP
35.9,30.8,39.7,91,32,20,Sandy,Sugarcane,Compost
39.6,63.6,16.8,139,63,110,Loamy,Wheat,DAP
28.1,61.6,17.8,75,89,111,Loamy,Rice,Compost
19.3,73.2,45.6,72,74,82,Red,Cotton,Compost
21.8,83.4,40.0,92,21,48,Red,Sugarcane,Compost
15.5,34.8,46.3,126,33,101,Black,Barley,Compost
37.9,73.9,40.3,77,43,31,Clayey,Sugarcane,Compost
17.9,41.2,33.9,58,62,96,Clayey,Cotton,Compost
29.4,81.5,36.2,69,17,60,Black,Cotton,Compost
21.9,79.1,45.6,105,27,21,Clayey,Millets,Compost
28.9,62.4,33.2,132,66,56,Red,Wheat,DAP
31.3,72.6,35.3,88,14,64,Loamy,Cotton,Compost
35.7,48.9,16.3,100,35,99,Red,Rice,Compost
20.2,58.3,29.0,61,39,67,Black,Millets,Compost
15.3,79.3,38.7,128,63,43,Clayey,Sugarcane,Urea
18.4,57.6,20.8,144,22,118,Sandy,Millets,MOP
37.5,51.5,18.1,104,38,41,Sandy,Maize,Compost
36.8,59.7,22.6,127,12,119,Sandy,Rice,Urea
29.9,79.7,19.7,60,67,30,Loamy,Barley,DAP
30.0,50.1,18.6,75,85,77,Sandy,Cotton,Compost
31.6,40.4,27.0,91,11,65,Clayey,Rice,Compost
19.4,72.7,46.3,76,84,48,Sandy,Cotton,Compost
37.9,79.6,30.3,60,37,54,Sandy,Barley,Compost
25.5,36.0,17.5,87,86,34,Loamy,Cotton,Compost
24.6,44.4,13.1,147,85,79,Black,Sugarcane,Urea
28.0,38.5,37.8,92,11,114,Black,Sugarcane,Compost
16.2,50.9,25.3,68,16,61,Sandy,Maize,Compost
19.2,57.0,42.9,113,35,62,Black,Cotton,Compost
33.5,74.9,36.4,55,85,99,Sandy,Sugarcane,Compost
17.1,69.1,41.8,95,25,93,Loamy,Rice,Compost
30.1,67.3,20.9,91,32,68,Black,Wheat,Compost
21.1,51.1,37.7,141,49,83,Red,Maize,MOP
24.7,80.5,20.6,114,69,51,Sandy,Rice,Urea
22.2,58.3,47.6,148,82,83,Black,Maize,MOP
23.9,88.7,35.5,121,41,21,Clayey,Maize,Compost
33.0,68.0,23.0,108,24,43,Red,Maize,Compost
22.4,37.6,20.8,101,22,106,Sandy,Cotton,Compost
29.2,70.6,17.6,96,14,85,Red,Cotton,Compost
26.9,49.5,37.8,56,84,57,Loamy,Sugarcane,Compost
31.6,71.2,18.7,60,83,50,Clayey,Rice,Compost
38.4,34.2,33.8,110,61,45,Black,Wheat,DAP
33.3,40.5,20.6,117,86,48,Loamy,Barley,DAP
20.4,81.3,36.5,74,50,86,Loamy,Cotton,Compost
15.8,43.6,42.6,61,62,97,Red,Wheat,DAP
21.6,80.2,41.1,75,59,44,Black,Maize,Compost
29.9,46.8,40.4,61,24,67,Black,Sugarcane,Compost
16.3,68.6,17.5,92,16,84,Red,Sugarcane,Compost
27.4,71.6,13.5,100,49,72,Red,Maize,Compost
29.9,60.8,38.0,86,37,86,Loamy,Rice,Compost
23.4,48.3,24.7,95,41,109,Sandy,Wheat,Compost
34.3,42.8,27.3,102,24,37,Clayey,Sugarcane,Urea
17.7,32.0,11.2,137,79,28,Black,Barley,DAP
16.9,48.2,20.4,129,74,57,Black,Rice,Urea
33.2,69.2,11.3,62,13,106,Black,Barley,Compost
27.4,86.3,45.2,138,20,40,Black,Rice,Urea
32.2,82.3,19.7,103,35,84,Sandy,Maize,MOP
25.9,76.0,32.3,106,70,40,Red,Barley,DAP
21.2,77.3,11.6,53,46,46,Black,Maize,Compost
35.5,69.9,36.7,124,32,89,Loamy,Rice,Urea
35.0,45.6,22.9,145,49,63,Sandy,Millets,Compost
32.4,84.4,45.9,98,86,119,Clayey,Cotton,Compost
21.8,70.2,45.5,56,32,47,Red,Wheat,Compost
29.8,63.6,23.0,60,25,64,Sandy,Rice,Compost
24.0,36.7,46.0,141,70,36,Clayey,Millets,Compost
17.3,56.8,49.8,103,77,59,Sandy,Rice,Urea
37.9,57.6,43.0,136,89,22,Clayey,Cotton,NPK
18.4,81.9,43.8,94,40,95,Loamy,Barley,Compost
38.8,62.8,20.0,72,62,95,Sandy,Maize,MOP
26.2,52.8,33.1,77,34,85,Red,Millets,MOP
19.6,88.6,12.7,106,53,65,Loamy,Wheat,DAP
28.5,36.6,13.8,75,21,105,Clayey,Rice,Compost
36.8,55.4,50.0,74,18,106,Sandy,Wheat,Compost
33.3,32.5,23.1,103,21,49,Sandy,Wheat,Compost
35.2,74.4,39.9,78,78,88,Black,Cotton,Compost
31.5,85.1,42.3,132,63,28,Loamy,Wheat,DAP
32.3,46.8,44.3,146,63,104,Loamy,Millets,MOP
36.2,81.5,49.9,85,37,30,Loamy,Rice,Compost
21.2,47.5,19.7,63,65,88,Black,Maize,MOP
27.2,84.6,11.6,127,78,118,Loamy,Millets,MOP
20.5,75.2,26.4,84,86,110,Loamy,Cotton,Compost
39.7,78.3,15.2,79,67,85,Sandy,Cotton,Compost
38.6,31.1,10.9,141,87,107,Clayey,Barley,DAP
16.0,87.8,24.4,66,84,50,Clayey,Sugarcane,Compost
32.6,73.6,41.3,116,51,52,Black,Sugarcane,Urea
38.1,48.3,32.6,129,47,58,Black,Rice,Urea
19.5,79.8,22.5,79,77,113,Sandy,Sugarcane,Compost
29.2,46.9,36.2,142,62,65,Sandy,Maize,Compost
37.9,82.4,19.3,94,42,56,Black,Cotton,Compost
15.8,36.8,10.6,128,80,111,Red,Millets,MOP
32.4,72.2,40.6,138,65,79,Clayey,Maize,Compost
22.4,62.4,34.9,100,81,50,Black,Cotton,Compost
38.1,35.8,40.5,96,60,30,Loamy,Maize,Compost
39.3,44.5,11.6,102,83,106,Clayey,Cotton,Compost
38.6,30.7,43.5,113,52,21,Loamy,Cotton,Compost
26.9,58.1,34.8,87,24,46,Loamy,Cotton,Compost
36.6,48.1,32.5,113,47,118,Clayey,Cotton,Compost
36.1,65.9,35.0,136,24,21,Loamy,Millets,Compost
23.0,47.8,44.6,138,14,40,Sandy,Sugarcane,Urea
35.7,48.0,33.5,56,63,77,Sandy,Wheat,DAP
15.9,74.6,33.2,71,60,24,Black,Sugarcane,Compost
29.9,32.9,49.6,130,19,71,Red,Cotton,NPK
20.8,84.2,40.3,131,21,64,Black,Maize,Compost
18.0,81.1,27.7,90,13,104,Sandy,Sugarcane,Compost
16.9,70.1,38.3,123,27,112,Clayey,Cotton,NPK
32.4,65.6,25.6,59,89,39,Red,Millets,Compost
23.5,83.5,19.2,106,45,80,Black,Barley,Compost
33.1,41.1,33.9,56,34,57,Sandy,Cotton,Compost
16.6,34.7,47.1,99,85,39,Clayey,Wheat,DAP
22.9,44.4,47.2,140,45,44,Clayey,Rice,Urea
28.5,77.7,23.7,101,76,21,Loamy,Wheat,DAP
34.8,32.1,31.1,82,18,51,Clayey,Millets,Compost
23.0,65.0,18.5,50,70,45,Red,Sugarcane,Compost
30.6,89.7,49.8,102,62,89,Loamy,Sugarcane,Urea
37.1,81.3,49.2,109,27,60,Sandy,Cotton,Compost
30.4,61.3,36.0,83,52,86,Clayey,Maize,MOP
20.8,33.8,42.2,53,44,116,Clayey,Barley,Compost
15.6,79.9,38.6,66,72,20,Loamy,Millets,Compost
36.8,65.9,33.7,53,87,70,Loamy,Rice,Compost
15.5,36.9,12.1,92,13,24,Sandy,Wheat,Compost
36.9,35.6,28.2,139,50,32,Clayey,Millets,Compost
28.2,84.6,37.0,53,54,38,Red,Cotton,Compost
38.5,70.2,37.1,50,59,31,Loamy,Sugarcane,Compost
35.0,79.8,24.9,120,88,67,Clayey,Wheat,DAP
39.9,82.7,47.7,143,37,44,Red,Cotton,NPK
23.8,64.3,16.7,99,51,76,Red,Cotton,Compost
34.2,61.0,30.0,122,89,54,Sandy,Barley,DAP
25.0,55.8,37.6,110,85,95,Loamy,Millets,MOP
27.0,49.0,37.9,84,78,113,Black,Rice,Compost
30.7,56.1,35.9,57,10,24,Loamy,Millets,Compost
36.8,76.4,21.0,73,48,117,Black,Barley,Compost
39.6,66.1,16.2,132,26,41,Clayey,Rice,Urea
34.2,83.6,35.4,85,44,96,Red,Cotton,Compost
25.4,56.6,34.0,99,55,76,Black,Sugarcane,Compost
25.5,66.4,17.2,92,51,66,Sandy,Maize,Compost
33.4,67.9,38.2,76,48,73,Clayey,Millets,Compost
21.0,65.5,28.2,81,58,22,Loamy,Millets,Compost
17.8,72.2,36.7,127,71,72,Black,Maize,Compost
23.9,44.2,43.5,67,47,103,Black,Wheat,Compost
22.2,60.7,16.8,77,32,50,Red,Millets,Compost
22.4,36.3,10.8,78,31,88,Black,Sugarcane,Compost
20.8,53.1,41.2,65,13,107,Black,Barley,Compost
16.1,59.3,34.4,148,58,52,Loamy,Sugarcane,Urea
15.4,69.1,38.0,96,68,91,Loamy,Rice,Compost
39.7,87.0,43.5,108,82,107,Loamy,Wheat,DAP
25.7,66.0,42.1,80,77,69,Loamy,Millets,Compost
24.6,74.6,48.4,53,80,103,Clayey,Cotton,Compost
32.0,60.4,31.4,86,11,35,Clayey,Sugarcane,Compost
20.5,68.0,29.5,66,58,95,Clayey,Rice,Compost
38.7,34.3,26.1,88,40,96,Clayey,Millets,MOP
34.7,45.3,16.1,97,49,58,Black,Cotton,Compost
17.2,51.7,32.9,95,57,108,Sandy,Millets,MOP
25.4,58.3,21.1,139,60,65,Sandy,Wheat,DAP
37.0,32.7,46.9,97,52,115,Sandy,Maize,MOP
38.6,38.4,33.3,88,64,107,Loamy,Maize,MOP
26.7,46.6,33.7,53,58,66,Sandy,Barley,DAP
30.3,88.3,24.2,79,89,63,Sandy,Wheat,DAP
19.2,49.9,12.1,79,66,28,Clayey,Cotton,Compost
39.8,58.9,11.3,71,86,106,Sandy,Cotton,Compost
20.8,41.8,26.9,124,24,69,Black,Barley,Compost
38.6,66.6,13.4,115,36,96,Clayey,Cotton,Compost
31.2,46.8,34.3,61,77,79,Sandy,Maize,Compost
30.2,42.4,45.2,143,89,115,Clayey,Cotton,NPK
27.8,61.0,45.3,85,73,34,Red,Rice,Compost
20.8,30.3,36.4,67,39,55,Sandy,Millets,Compost
19.4,30.5,18.4,139,45,82,Loamy,Millets,MOP
20.5,43.1,44.5,102,76,88,Loamy,Sugarcane,Urea
19.7,32.2,45.4,120,58,105,Loamy,Cotton,Compost
34.5,36.5,17.9,50,85,99,Black,Maize,MOP
23.8,50.3,39.5,107,64,60,Black,Barley,DAP
16.4,78.2,21.5,139,65,93,Sandy,Cotton,NPK
39.2,64.3,42.1,136,77,43,Red,Millets,Compost
37.1,60.8,49.9,139,53,101,Black,Maize,MOP
38.2,47.6,11.2,55,40,68,Sandy,Barley,Compost
39.9,85.9,45.9,119,67,37,Sandy,Barley,DAP
19.3,53.8,34.9,93,62,26,Loamy,Wheat,DAP
24.9,35.2,48.9,121,88,23,Red,Cotton,NPK
34.0,67.0,28.6,73,32,109,Loamy,Maize,MOP
32.4,36.8,43.9,135,37,88,Red,Sugarcane,Urea
18.8,50.7,12.5,68,25,79,Red,Sugarcane,Compost
35.4,60.4,23.4,67,46,74,Sandy,Cotton,Compost
20.6,82.5,12.7,144,30,35,Clayey,Barley,Compost
20.6,59.6,49.0,79,88,118,Sandy,Cotton,Compost
28.4,72.1,42.7,91,26,109,Loamy,Sugarcane,Compost
29.8,89.6,44.1,82,46,101,Loamy,Rice,Compost
29.5,37.9,47.5,123,86,48,Black,Sugarcane,Urea
17.3,46.5,13.4,61,28,42,Clayey,Barley,Compost
36.9,53.7,25.4,143,39,33,Black,Wheat,Compost
21.6,55.3,12.8,76,54,98,Black,Sugarcane,Compost
18.2,54.7,18.4,88,27,68,Sandy,Rice,Compost
37.2,84.5,19.2,58,87,52,Red,Barley,DAP
38.9,72.8,28.8,70,71,44,Sandy,Barley,DAP
36.6,66.5,20.7,125,45,40,Loamy,Sugarcane,Urea
35.2,48.6,14.0,78,61,36,Red,Sugarcane,Compost
31.4,79.4,16.7,82,28,42,Black,Cotton,Compost
28.8,87.3,15.9,111,53,76,Loamy,Rice,Urea
17.2,79.3,48.9,64,16,100,Black,Barley,Compost
25.2,30.1,40.4,51,53,77,Clayey,Millets,Compost
24.3,68.2,48.7,101,77,33,Black,Cotton,Compost
21.5,33.1,27.6,93,43,112,Sandy,Barley,Compost
33.1,45.5,21.1,103,75,39,Clayey,Barley,DAP
27.4,33.6,41.9,67,78,49,Loamy,Cotton,Compost
17.0,66.2,23.1,52,64,38,Black,Millets,Compost
20.5,71.2,22.0,56,19,72,Black,Millets,Compost
32.1,36.9,19.3,92,51,75,Black,Maize,Compost
16.9,53.0,15.2,131,50,96,Loamy,Sugarcane,Urea
36.3,57.4,20.3,87,86,101,Black,Wheat,DAP
27.4,52.1,24.2,86,78,42,Sandy,Cotton,Compost
27.0,37.3,37.0,107,19,81,Clayey,Wheat,Compost
29.8,55.1,12.5,82,19,52,Loamy,Cotton,Compost
35.6,75.1,18.4,108,69,37,Red,Wheat,DAP
23.7,34.3,42.4,144,60,92,Black,Rice,Urea
32.0,34.8,15.9,60,30,52,Clayey,Rice,Compost
29.1,51.3,23.7,117,17,51,Red,Maize,Compost
21.7,86.5,44.6,131,74,80,Black,Rice,Urea
37.0,70.1,16.2,117,87,73,Black,Barley,DAP
34.9,70.7,13.3,147,39,36,Loamy,Barley,Compost
31.5,51.7,29.4,142,58,38,Sandy,Cotton,NPK
36.3,65.6,22.1,137,18,110,Loamy,Cotton,NPK
36.7,30.6,32.5,71,26,89,Loamy,Millets,MOP
32.7,68.2,42.2,115,78,118,Sandy,Maize,MOP
35.9,84.8,15.5,93,67,53,Loamy,Sugarcane,Compost
32.4,66.8,33.2,55,66,103,Red,Sugarcane,Compost
32.0,82.4,30.2,91,71,44,Black,Millets,Compost
30.5,73.4,15.8,74,61,87,Clayey,Sugarcane,Compost
33.8,37.2,35.0,106,70,93,Red,Millets,MOP
19.0,84.1,20.9,134,49,93,Black,Millets,MOP
37.0,34.0,29.5,104,47,107,Black,Cotton,Compost
36.8,62.0,13.3,65,52,104,Sandy,Rice,Compost
15.7,38.5,28.4,144,72,30,Loamy,Wheat,DAP
35.6,30.7,22.3,63,28,110,Sandy,Wheat,Compost
18.2,55.3,42.9,88,59,35,Sandy,Maize,Compost
23.4,47.7,12.3,77,42,109,Clayey,Cotton,Compost
33.6,59.2,26.7,145,22,80,Red,Millets,Compost
19.0,64.6,28.3,141,87,113,Black,Millets,MOP
35.4,32.6,39.0,100,71,99,Sandy,Barley,DAP
35.8,37.4,33.0,98,52,26,Clayey,Cotton,Compost
27.7,63.5,36.7,58,58,35,Sandy,Sugarcane,Compost
15.2,50.6,41.1,107,45,118,Sandy,Millets,MOP
22.2,73.8,44.5,94,19,35,Red,Maize,Compost
30.4,69.1,22.6,71,15,59,Loamy,Millets,Compost
39.5,80.7,31.5,81,66,31,Sandy,Cotton,Compost
30.8,71.5,43.6,118,10,54,Sandy,Sugarcane,Urea
21.5,55.8,49.6,136,80,40,Black,Millets,Compost
30.9,70.4,45.6,118,67,69,Sandy,Maize,Compost
28.5,46.5,24.9,91,30,62,Sandy,Rice,Compost
34.5,48.4,17.8,102,89,119,Loamy,Cotton,Compost
17.7,77.3,29.6,145,65,36,Clayey,Wheat,DAP
34.0,56.8,39.7,108,29,51,Loamy,Sugarcane,Urea
28.5,77.9,29.7,123,63,60,Black,Rice,Urea
39.1,79.3,29.3,88,34,25,Sandy,Wheat,Compost
23.5,81.5,43.5,64,37,107,Sandy,Millets,MOP
30.8,85.0,24.5,120,14,46,Sandy,Maize,Compost
38.3,55.9,44.4,78,30,39,Clayey,Maize,Compost
17.6,49.1,26.3,52,27,44,Loamy,Maize,Compost
38.4,64.9,23.1,132,56,85,Red,Millets,MOP
32.2,52.3,28.2,59,79,28,Loamy,Millets,Compost
16.7,66.1,40.5,141,66,111,Black,Cotton,NPK
22.5,72.3,15.0,78,28,72,Red,Maize,Compost
32.7,71.3,17.9,128,74,80,Clayey,Maize,Compost
16.7,52.5,48.1,84,12,57,Clayey,Cotton,Compost
29.6,40.0,17.0,55,51,22,Sandy,Maize,Compost
23.6,55.8,32.7,61,30,103,Loamy,Rice,Compost
30.5,38.6,33.2,87,49,89,Sandy,Cotton,Compost
16.1,83.4,29.6,126,76,116,Red,Wheat,DAP
36.8,50.8,35.8,142,34,74,Loamy,Millets,Compost
39.3,39.3,19.2,68,64,20,Clayey,Sugarcane,Compost
39.2,31.5,32.1,116,61,89,Clayey,Wheat,DAP
33.7,68.7,24.9,57,53,64,Clayey,Millets,Compost
18.3,68.2,36.5,57,65,117,Red,Sugarcane,Compost
